{
    "Reject": {
        "precision": 0.0,
        "recall": 0.0,
        "f1-score": 0.0,
        "support": 0
    },
    "alarm_query": {
        "precision": 0.9325842696629213,
        "recall": 0.8829787234042553,
        "f1-score": 0.907103825136612,
        "support": 94
    },
    "alarm_remove": {
        "precision": 0.8727272727272727,
        "recall": 0.8888888888888888,
        "f1-score": 0.8807339449541284,
        "support": 54
    },
    "alarm_set": {
        "precision": 0.8494623655913979,
        "recall": 0.8229166666666666,
        "f1-score": 0.8359788359788359,
        "support": 96
    },
    "audio_volume_down": {
        "precision": 0.7727272727272727,
        "recall": 0.85,
        "f1-score": 0.8095238095238095,
        "support": 40
    },
    "audio_volume_mute": {
        "precision": 0.821917808219178,
        "recall": 0.7894736842105263,
        "f1-score": 0.8053691275167785,
        "support": 76
    },
    "audio_volume_up": {
        "precision": 0.8888888888888888,
        "recall": 0.7671232876712328,
        "f1-score": 0.8235294117647058,
        "support": 73
    },
    "calendar_query": {
        "precision": 0.6956521739130435,
        "recall": 0.5052631578947369,
        "f1-score": 0.5853658536585366,
        "support": 95
    },
    "calendar_remove": {
        "precision": 0.8598130841121495,
        "recall": 0.9019607843137255,
        "f1-score": 0.8803827751196173,
        "support": 102
    },
    "calendar_set": {
        "precision": 0.6481481481481481,
        "recall": 0.7692307692307693,
        "f1-score": 0.7035175879396984,
        "support": 91
    },
    "cooking_recipe": {
        "precision": 0.9142857142857143,
        "recall": 0.897196261682243,
        "f1-score": 0.9056603773584906,
        "support": 107
    },
    "datetime_convert": {
        "precision": 0.7142857142857143,
        "recall": 0.9574468085106383,
        "f1-score": 0.8181818181818182,
        "support": 47
    },
    "datetime_query": {
        "precision": 0.7142857142857143,
        "recall": 0.7608695652173914,
        "f1-score": 0.7368421052631581,
        "support": 92
    },
    "email_addcontact": {
        "precision": 0.7906976744186046,
        "recall": 0.8947368421052632,
        "f1-score": 0.8395061728395061,
        "support": 38
    },
    "email_query": {
        "precision": 0.85,
        "recall": 0.9139784946236559,
        "f1-score": 0.8808290155440415,
        "support": 93
    },
    "email_querycontact": {
        "precision": 0.845360824742268,
        "recall": 0.780952380952381,
        "f1-score": 0.8118811881188118,
        "support": 105
    },
    "email_sendemail": {
        "precision": 0.8977272727272727,
        "recall": 0.8404255319148937,
        "f1-score": 0.8681318681318682,
        "support": 94
    },
    "general_affirm": {
        "precision": 0.9871794871794872,
        "recall": 0.7857142857142857,
        "f1-score": 0.8750000000000001,
        "support": 98
    },
    "general_commandstop": {
        "precision": 0.9565217391304348,
        "recall": 0.9361702127659575,
        "f1-score": 0.9462365591397849,
        "support": 94
    },
    "general_confirm": {
        "precision": 0.9230769230769231,
        "recall": 1.0,
        "f1-score": 0.9600000000000001,
        "support": 84
    },
    "general_dontcare": {
        "precision": 0.9690721649484536,
        "recall": 0.94,
        "f1-score": 0.9543147208121826,
        "support": 100
    },
    "general_explain": {
        "precision": 0.9578947368421052,
        "recall": 0.9191919191919192,
        "f1-score": 0.9381443298969072,
        "support": 99
    },
    "general_joke": {
        "precision": 0.9649122807017544,
        "recall": 0.9482758620689655,
        "f1-score": 0.9565217391304347,
        "support": 58
    },
    "general_negate": {
        "precision": 0.9111111111111111,
        "recall": 0.8817204301075269,
        "f1-score": 0.8961748633879781,
        "support": 93
    },
    "general_praise": {
        "precision": 0.8571428571428571,
        "recall": 1.0,
        "f1-score": 0.923076923076923,
        "support": 96
    },
    "general_quirky": {
        "precision": 0.7058823529411765,
        "recall": 0.11538461538461539,
        "f1-score": 0.19834710743801656,
        "support": 104
    },
    "general_repeat": {
        "precision": 0.979381443298969,
        "recall": 0.95,
        "f1-score": 0.9644670050761421,
        "support": 100
    },
    "iot_cleaning": {
        "precision": 0.9875,
        "recall": 0.9634146341463414,
        "f1-score": 0.9753086419753086,
        "support": 82
    },
    "iot_coffee": {
        "precision": 0.9795918367346939,
        "recall": 0.9795918367346939,
        "f1-score": 0.9795918367346939,
        "support": 98
    },
    "iot_hue_lightchange": {
        "precision": 0.956989247311828,
        "recall": 0.8725490196078431,
        "f1-score": 0.9128205128205128,
        "support": 102
    },
    "iot_hue_lightdim": {
        "precision": 0.7833333333333333,
        "recall": 0.8392857142857143,
        "f1-score": 0.8103448275862069,
        "support": 56
    },
    "iot_hue_lightoff": {
        "precision": 0.9333333333333333,
        "recall": 0.8571428571428571,
        "f1-score": 0.8936170212765957,
        "support": 98
    },
    "iot_hue_lighton": {
        "precision": 0.5,
        "recall": 0.5789473684210527,
        "f1-score": 0.5365853658536586,
        "support": 19
    },
    "iot_hue_lightup": {
        "precision": 0.7733333333333333,
        "recall": 0.7837837837837838,
        "f1-score": 0.7785234899328859,
        "support": 74
    },
    "iot_wemo_off": {
        "precision": 0.9230769230769231,
        "recall": 0.9056603773584906,
        "f1-score": 0.9142857142857143,
        "support": 53
    },
    "iot_wemo_on": {
        "precision": 0.8863636363636364,
        "recall": 0.9512195121951219,
        "f1-score": 0.9176470588235294,
        "support": 41
    },
    "lists_createoradd": {
        "precision": 0.8390804597701149,
        "recall": 0.776595744680851,
        "f1-score": 0.8066298342541435,
        "support": 94
    },
    "lists_query": {
        "precision": 0.8269230769230769,
        "recall": 0.8686868686868687,
        "f1-score": 0.8472906403940886,
        "support": 99
    },
    "lists_remove": {
        "precision": 0.9560439560439561,
        "recall": 0.8055555555555556,
        "f1-score": 0.8743718592964824,
        "support": 108
    },
    "music_likeness": {
        "precision": 0.8936170212765957,
        "recall": 0.9032258064516129,
        "f1-score": 0.8983957219251337,
        "support": 93
    },
    "music_query": {
        "precision": 0.9347826086956522,
        "recall": 0.86,
        "f1-score": 0.8958333333333334,
        "support": 100
    },
    "music_settings": {
        "precision": 0.4909090909090909,
        "recall": 0.7941176470588235,
        "f1-score": 0.6067415730337079,
        "support": 34
    },
    "news_query": {
        "precision": 0.8658536585365854,
        "recall": 0.7553191489361702,
        "f1-score": 0.8068181818181819,
        "support": 94
    },
    "play_audiobook": {
        "precision": 0.8979591836734694,
        "recall": 0.9166666666666666,
        "f1-score": 0.9072164948453607,
        "support": 96
    },
    "play_game": {
        "precision": 0.8189655172413793,
        "recall": 0.95,
        "f1-score": 0.8796296296296298,
        "support": 100
    },
    "play_music": {
        "precision": 0.8055555555555556,
        "recall": 0.5979381443298969,
        "f1-score": 0.6863905325443788,
        "support": 97
    },
    "play_podcasts": {
        "precision": 0.9761904761904762,
        "recall": 0.8817204301075269,
        "f1-score": 0.9265536723163842,
        "support": 93
    },
    "play_radio": {
        "precision": 0.8941176470588236,
        "recall": 0.8539325842696629,